"Longitude (x)","Latitude (y)","Station Name","Climate ID","Date/Time","Year","Month","Day","Data Quality","Max Temp (°C)","Max Temp Flag","Min Temp (°C)","Min Temp Flag","Mean Temp (°C)","Mean Temp Flag","Heat Deg Days (°C)","Heat Deg Days Flag","Cool Deg Days (°C)","Cool Deg Days Flag","Total Rain (mm)","Total Rain Flag","Total Snow (cm)","Total Snow Flag","Total Precip (mm)","Total Precip Flag","Snow on Grnd (cm)","Snow on Grnd Flag","Dir of Max Gust (10s deg)","Dir of Max Gust Flag","Spd of Max Gust (km/h)","Spd of Max Gust Flag"
"-121.76","49.24","AGASSIZ RCS","1100119","2019-01-01","2019","01","01","","4.9","","-0.8","","2.0","","16.0","","0.0","","","","","","0.0","","","","","","",""
"-121.76","49.24","AGASSIZ RCS","1100119","2019-01-02","2019","01","02","","4.1","","0.3","","2.2","","15.8","","0.0","","","","","","15.8","","","","","","",""
"-121.76","49.24","AGASSIZ RCS","1100119","2019-01-03","2019","01","03","","6.8","","0.4","","3.6","","14.4","","0.0","","","","","","66.1","","","","","","",""
"-121.76","49.24","AGASSIZ RCS","1100119","2019-01-04","2019","01","04","","8.4","","2.0","","5.2","","12.8","","0.0","","","","","","4.7","","","","","","",""
"-121.76","49.24","AGASSIZ RCS","1100119","2019-01-05","2019","01","05","","8.4","","1.8","","5.1","","12.9","","0.0","","","","","","0.8","","","","2","","37",""
"-121.76","49.24","AGASSIZ RCS","1100119","2019-01-06","2019","01","06","","8.4","","3.1","","5.8","","12.2","","0.0","","","","","","4.6","","","","19","","53",""
"-121.76","49.24","AGASSIZ RCS","1100119","2019-01-07","2019","01","07","","6.1","","-0.8","","2.7","","15.3","","0.0","","","","","","5.8","","","","35","","31",""
"-121.76","49.24","AGASSIZ RCS","1100119","2019-01-08","2019","01","08","","5.4","","1.9","","3.6","","14.4","","0.0","","","","","","10.6","","","","31","","50",""
"-121.76","49.24","AGASSIZ RCS","1100119","2019-01-09","2019","01","09","","6.3","","2.9","","4.6","","13.4","","0.0","","","","","","12.3","","","","3","","52",""
"-121.76","49.24","AGASSIZ RCS","1100119","2019-01-10","2019","01","10","","10.1","","2.8","","6.4","","11.6","","0.0","","","","","","1.6","","","","5","","44",""
"-121.76","49.24","AGASSIZ RCS","1100119","2019-01-11","2019","01","11","","10.8","","5.5","","8.2","","9.8","","0.0","","","","","","0.4","","","","4","","43",""
"-121.76","49.24","AGASSIZ RCS","1100119","2019-01-12","2019","01","12","","10.7","","5.9","","8.3","","9.7","","0.0","","","","","","0.2","","","","2","","46",""
"-121.76","49.24","AGASSIZ RCS","1100119","2019-01-13","2019","01","13","","11.1","","5.5","","8.3","","9.7","","0.0","","","","","","0.0","","","","4","","44",""
"-121.76","49.24","AGASSIZ RCS","1100119","2019-01-14","2019","01","14","","10.6","","6.2","","8.4","","9.6","","0.0","","","","","","0.0","","","","2","","54",""
"-121.76","49.24","AGASSIZ RCS","1100119","2019-01-15","2019","01","15","","6.8","","3.5","","5.1","","12.9","","0.0","","","","","","0.2","","","","6","","66",""
"-121.76","49.24","AGASSIZ RCS","1100119","2019-01-16","2019","01","16","","7.2","","2.4","","4.8","","13.2","","0.0","","","","","","0.5","","","","6","","58",""
"-121.76","49.24","AGASSIZ RCS","1100119","2019-01-17","2019","01","17","","6.4","","4.0","","5.2","","12.8","","0.0","","","","","","3.3","","","","3","","54",""
"-121.76","49.24","AGASSIZ RCS","1100119","2019-01-18","2019","01","18","","9.5","","3.4","","6.4","","11.6","","0.0","","","","","","14.8","","","","34","","32",""
"-121.76","49.24","AGASSIZ RCS","1100119","2019-01-19","2019","01","19","","10.8","","4.8","","7.8","","10.2","","0.0","","","","","","14.5","","","","22","","40",""
"-121.76","49.24","AGASSIZ RCS","1100119","2019-01-20","2019","01","20","","7.8","","2.5","","5.2","","12.8","","0.0","","","","","","0.0","","","","","","",""
"-121.76","49.24","AGASSIZ RCS","1100119","2019-01-21","2019","01","21","","5.2","","-2.1","","1.5","","16.5","","0.0","","","","","","0.0","","","","4","","31",""
"-121.76","49.24","AGASSIZ RCS","1100119","2019-01-22","2019","01","22","","4.2","","0.6","","2.4","","15.6","","0.0","","","","","","14.6","","","","4","","31",""
"-121.76","49.24","AGASSIZ RCS","1100119","2019-01-23","2019","01","23","","9.0","","1.5","","5.2","","12.8","","0.0","","","","","","16.2","","","","5","","38",""
"-121.76","49.24","AGASSIZ RCS","1100119","2019-01-24","2019","01","24","","7.0","","3.2","","5.1","","12.9","","0.0","","","","","","0.0","","","","","","",""
"-121.76","49.24","AGASSIZ RCS","1100119","2019-01-25","2019","01","25","","8.8","","3.5","","6.1","","11.9","","0.0","","","","","","0.6","","","","","","",""
"-121.76","49.24","AGASSIZ RCS","1100119","2019-01-26","2019","01","26","","9.6","","1.0","","5.3","","12.7","","0.0","","","","","","0.0","","","","","","",""
"-121.76","49.24","AGASSIZ RCS","1100119","2019-01-27","2019","01","27","","9.9","","-0.6","","4.7","","13.3","","0.0","","","","","","0.0","","","","32","","36",""
"-121.76","49.24","AGASSIZ RCS","1100119","2019-01-28","2019","01","28","","10.7","","6.2","","8.5","","9.5","","0.0","","","","","","0.0","","","","32","","52",""
"-121.76","49.24","AGASSIZ RCS","1100119","2019-01-29","2019","01","29","","8.3","","3.8","","6.0","","12.0","","0.0","","","","","","0.3","","","","4","","55",""
"-121.76","49.24","AGASSIZ RCS","1100119","2019-01-30","2019","01","30","","7.6","","2.6","","5.1","","12.9","","0.0","","","","","","0.4","","","","4","","54",""
"-121.76","49.24","AGASSIZ RCS","1100119","2019-01-31","2019","01","31","","8.2","","3.0","","5.6","","12.4","","0.0","","","","","","0.0","","","","","","",""
"-121.76","49.24","AGASSIZ RCS","1100119","2019-02-01","2019","02","01","","6.6","","4.5","","5.6","","12.4","","0.0","","","","","","54.7","","","","","","",""
"-121.76","49.24","AGASSIZ RCS","1100119","2019-02-02","2019","02","02","","7.9","","1.8","","4.8","","13.2","","0.0","","","","","","2.5","","","","5","","57",""
"-121.76","49.24","AGASSIZ RCS","1100119","2019-02-03","2019","02","03","","2.2","","-9.9","","-3.8","","21.8","","0.0","","","","","","0.2","","","","30","","65",""
"-121.76","49.24","AGASSIZ RCS","1100119","2019-02-04","2019","02","04","","-5.2","","-10.5","","-7.8","","25.8","","0.0","","","","","","0.0","","","","28","","90",""
"-121.76","49.24","AGASSIZ RCS","1100119","2019-02-05","2019","02","05","","","M","","M","","M","","M","","M","","","","","","M","","","","M","","M"
"-121.76","49.24","AGASSIZ RCS","1100119","2019-02-06","2019","02","06","","0.2","","-6.6","","-3.2","","21.2","","0.0","","","","","","0.0","","","","36","","55",""
"-121.76","49.24","AGASSIZ RCS","1100119","2019-02-07","2019","02","07","","1.4","","-5.5","","-2.1","","20.1","","0.0","","","","","","0.2","","","","5","","48",""
"-121.76","49.24","AGASSIZ RCS","1100119","2019-02-08","2019","02","08","","2.2","","-7.0","","-2.4","","20.4","","0.0","","","","","","0.1","","0","","33","","66",""
"-121.76","49.24","AGASSIZ RCS","1100119","2019-02-09","2019","02","09","","-3.1","","-5.7","","-4.4","","22.4","","0.0","","","","","","0.0","","0","","29","","89",""
"-121.76","49.24","AGASSIZ RCS","1100119","2019-02-10","2019","02","10","","-3.8","","-8.8","","-6.3","","24.3","","0.0","","","","","","0.2","","1","","34","","74",""
"-121.76","49.24","AGASSIZ RCS","1100119","2019-02-11","2019","02","11","","-1.5","","-6.4","","-4.0","","22.0","","0.0","","","","","","0.6","","1","","30","","54",""
"-121.76","49.24","AGASSIZ RCS","1100119","2019-02-12","2019","02","12","","-2.6","","-5.3","","-4.0","","22.0","","0.0","","","","","","3.1","","2","","4","","51",""
"-121.76","49.24","AGASSIZ RCS","1100119","2019-02-13","2019","02","13","","1.5","","-5.2","","-1.9","","19.9","","0.0","","","","","","2.6","","6","","5","","55",""
"-121.76","49.24","AGASSIZ RCS","1100119","2019-02-14","2019","02","14","","3.6","","-2.1","","0.8","","17.2","","0.0","","","","","","0.0","","2","","1","","60",""
"-121.76","49.24","AGASSIZ RCS","1100119","2019-02-15","2019","02","15","","4.3","","0.1","","2.2","","15.8","","0.0","","","","","","0.1","","2","","4","","40",""
"-121.76","49.24","AGASSIZ RCS","1100119","2019-02-16","2019","02","16","","6.2","","-2.2","","2.0","","16.0","","0.0","","","","","","0.0","","1","","","","",""
"-121.76","49.24","AGASSIZ RCS","1100119","2019-02-17","2019","02","17","","7.6","","-1.3","","3.1","","14.9","","0.0","","","","","","0.3","","1","","34","","54",""
"-121.76","49.24","AGASSIZ RCS","1100119","2019-02-18","2019","02","18","","2.7","","-1.9","","0.4","","17.6","","0.0","","","","","","0.0","","1","","3","","58",""
"-121.76","49.24","AGASSIZ RCS","1100119","2019-02-19","2019","02","19","","0.9","","-2.1","","-0.6","","18.6","","0.0","","","","","","10.0","","1","","","","",""
"-121.76","49.24","AGASSIZ RCS","1100119","2019-02-20","2019","02","20","","6.2","","-0.8","","2.7","","15.3","","0.0","","","","","","0.8","","3","","","","",""
"-121.76","49.24","AGASSIZ RCS","1100119","2019-02-21","2019","02","21","","7.4","","-1.3","","3.0","","15.0","","0.0","","","","","","0.0","","1","","31","","40",""
"-121.76","49.24","AGASSIZ RCS","1100119","2019-02-22","2019","02","22","","2.5","","-1.9","","0.3","","17.7","","0.0","","","","","","6.2","","0","","","","",""
"-121.76","49.24","AGASSIZ RCS","1100119","2019-02-23","2019","02","23","","4.3","","-1.0","","1.7","","16.3","","0.0","","","","","","2.7","","2","","","","",""
"-121.76","49.24","AGASSIZ RCS","1100119","2019-02-24","2019","02","24","","6.7","","-1.3","","2.7","","15.3","","0.0","","","","","","0.0","","0","","31","","51",""
"-121.76","49.24","AGASSIZ RCS","1100119","2019-02-25","2019","02","25","","3.1","","-1.5","","0.8","","17.2","","0.0","","","","","","0.0","","0","","30","","61",""
"-121.76","49.24","AGASSIZ RCS","1100119","2019-02-26","2019","02","26","","3.2","","-3.2","","0.0","","18.0","","0.0","","","","","","0.0","","0","","35","","56",""
"-121.76","49.24","AGASSIZ RCS","1100119","2019-02-27","2019","02","27","","6.4","","0.6","","3.5","","14.5","","0.0","","","","","","0.0","","0","","30","","73",""
"-121.76","49.24","AGASSIZ RCS","1100119","2019-02-28","2019","02","28","","7.4","","-0.8","","3.3","","14.7","","0.0","","","","","","0.8","","1","","4","","44",""
"-121.76","49.24","AGASSIZ RCS","1100119","2019-03-01","2019","03","01","","7.7","","-0.8","","3.4","","14.6","","0.0","","","","","","0.0","","0","","4","","32",""
"-121.76","49.24","AGASSIZ RCS","1100119","2019-03-02","2019","03","02","","5.9","","1.4","","3.7","","14.3","","0.0","","","","","","0.0","","0","","32","","54",""
"-121.76","49.24","AGASSIZ RCS","1100119","2019-03-03","2019","03","03","","5.5","","-1.5","","2.0","","16.0","","0.0","","","","","","0.0","","0","","33","","52",""
"-121.76","49.24","AGASSIZ RCS","1100119","2019-03-04","2019","03","04","","6.6","","-1.7","","2.4","","15.6","","0.0","","","","","","0.0","","0","","32","","53",""
"-121.76","49.24","AGASSIZ RCS","1100119","2019-03-05","2019","03","05","","5.6","","-1.1","","2.3","","15.7","","0.0","","","","","","0.0","","0","","2","","50",""
"-121.76","49.24","AGASSIZ RCS","1100119","2019-03-06","2019","03","06","","5.4","","-0.2","","2.6","","15.4","","0.0","","","","","","4.0","","0","","2","","51",""
"-121.76","49.24","AGASSIZ RCS","1100119","2019-03-07","2019","03","07","","5.6","","-2.6","","1.5","","16.5","","0.0","","","","","","0.9","","3","","","","",""
"-121.76","49.24","AGASSIZ RCS","1100119","2019-03-08","2019","03","08","","7.6","","-2.2","","2.7","","15.3","","0.0","","","","","","0.0","","0","","","","",""
"-121.76","49.24","AGASSIZ RCS","1100119","2019-03-09","2019","03","09","","10.0","","-2.6","","3.7","","14.3","","0.0","","","","","","0.0","","0","","","","",""
"-121.76","49.24","AGASSIZ RCS","1100119","2019-03-10","2019","03","10","","9.9","","0.1","","5.0","","13.0","","0.0","","","","","","0.0","","0","","4","","41",""
"-121.76","49.24","AGASSIZ RCS","1100119","2019-03-11","2019","03","11","","8.0","","-1.0","","3.5","","14.5","","0.0","","","","","","10.1","","0","","","","",""
"-121.76","49.24","AGASSIZ RCS","1100119","2019-03-12","2019","03","12","","3.8","","0.0","","1.9","","16.1","","0.0","","","","","","12.2","","2","","","","",""
"-121.76","49.24","AGASSIZ RCS","1100119","2019-03-13","2019","03","13","","10.2","","0.8","","5.5","","12.5","","0.0","","","","","","4.3","","1","","","","",""
"-121.76","49.24","AGASSIZ RCS","1100119","2019-03-14","2019","03","14","","11.2","","1.2","","6.2","","11.8","","0.0","","","","","","0.0","","0","","","","",""
"-121.76","49.24","AGASSIZ RCS","1100119","2019-03-15","2019","03","15","","14.8","","3.7","","9.2","","8.8","","0.0","","","","","","0.0","","0","","","","",""
"-121.76","49.24","AGASSIZ RCS","1100119","2019-03-16","2019","03","16","","17.1","","4.5","","10.8","","7.2","","0.0","","","","","","0.0","","0","","","","",""
"-121.76","49.24","AGASSIZ RCS","1100119","2019-03-17","2019","03","17","","20.9","","5.4","","13.2","","4.8","","0.0","","","","","","0.1","","0","","5","","40",""
"-121.76","49.24","AGASSIZ RCS","1100119","2019-03-18","2019","03","18","","22.9","","9.9","","16.4","","1.6","","0.0","","","","","","0.0","","0","","3","","46",""
"-121.76","49.24","AGASSIZ RCS","1100119","2019-03-19","2019","03","19","","24.4","","10.2","","17.3","","0.7","","0.0","","","","","","0.0","","0","","1","","53",""
"-121.76","49.24","AGASSIZ RCS","1100119","2019-03-20","2019","03","20","","25.8","","11.3","","18.5","","0.0","","0.5","","","","","","0.0","","","","36","","49",""
"-121.76","49.24","AGASSIZ RCS","1100119","2019-03-21","2019","03","21","","19.6","","7.6","","13.6","","4.4","","0.0","","","","","","0.0","","","","4","","42",""
"-121.76","49.24","AGASSIZ RCS","1100119","2019-03-22","2019","03","22","","16.4","","2.8","","9.6","","8.4","","0.0","","","","","","0.0","","","","","","",""
"-121.76","49.24","AGASSIZ RCS","1100119","2019-03-23","2019","03","23","","16.1","","7.2","","11.6","","6.4","","0.0","","","","","","0.6","","0","","","","",""
"-121.76","49.24","AGASSIZ RCS","1100119","2019-03-24","2019","03","24","","14.3","","5.4","","9.9","","8.1","","0.0","","","","","","0.0","","","","","","",""
"-121.76","49.24","AGASSIZ RCS","1100119","2019-03-25","2019","03","25","","18.5","","6.9","","12.7","","5.3","","0.0","","","","","","0.0","","","","21","","34",""
"-121.76","49.24","AGASSIZ RCS","1100119","2019-03-26","2019","03","26","","13.6","","5.8","","9.7","","8.3","","0.0","","","","","","10.0","","0","","4","","32",""
"-121.76","49.24","AGASSIZ RCS","1100119","2019-03-27","2019","03","27","","17.3","","5.1","","11.2","","6.8","","0.0","","","","","","0.0","","","","34","","49",""
"-121.76","49.24","AGASSIZ RCS","1100119","2019-03-28","2019","03","28","","17.1","","5.4","","11.3","","6.7","","0.0","","","","","","0.0","","","","","","",""
"-121.76","49.24","AGASSIZ RCS","1100119","2019-03-29","2019","03","29","","18.3","","4.9","","11.6","","6.4","","0.0","","","","","","0.0","","","","3","","34",""
"-121.76","49.24","AGASSIZ RCS","1100119","2019-03-30","2019","03","30","","18.7","","4.9","","11.8","","6.2","","0.0","","","","","","0.0","","","","4","","33",""
"-121.76","49.24","AGASSIZ RCS","1100119","2019-03-31","2019","03","31","","18.9","","4.3","","11.6","","6.4","","0.0","","","","","","0.0","","","","4","","32",""
"-121.76","49.24","AGASSIZ RCS","1100119","2019-04-01","2019","04","01","","20.8","","9.4","","15.1","","2.9","","0.0","","","","","","0.0","","","","1","","39",""
"-121.76","49.24","AGASSIZ RCS","1100119","2019-04-02","2019","04","02","","21.4","","10.1","","15.7","","2.3","","0.0","","","","","","0.0","","","","4","","39",""
"-121.76","49.24","AGASSIZ RCS","1100119","2019-04-03","2019","04","03","","14.0","","8.9","","11.5","","6.5","","0.0","","","","","","14.5","","","","22","","33",""
"-121.76","49.24","AGASSIZ RCS","1100119","2019-04-04","2019","04","04","","17.3","","7.8","","12.6","","5.4","","0.0","","","","","","2.0","","","","","","",""
"-121.76","49.24","AGASSIZ RCS","1100119","2019-04-05","2019","04","05","","15.5","","6.7","","11.1","","6.9","","0.0","","","","","","11.3","","","","24","","46",""
"-121.76","49.24","AGASSIZ RCS","1100119","2019-04-06","2019","04","06","","11.9","","5.2","","8.6","","9.4","","0.0","","","","","","4.9","","","","5","","37",""
"-121.76","49.24","AGASSIZ RCS","1100119","2019-04-07","2019","04","07","","14.3","","5.2","","9.8","","8.2","","0.0","","","","","","0.0","","","","","","",""
"-121.76","49.24","AGASSIZ RCS","1100119","2019-04-08","2019","04","08","","14.1","","5.2","","9.6","","8.4","","0.0","","","","","","3.1","","","","6","","34",""
"-121.76","49.24","AGASSIZ RCS","1100119","2019-04-09","2019","04","09","","12.3","","7.1","","9.7","","8.3","","0.0","","","","","","3.5","","","","","","",""
"-121.76","49.24","AGASSIZ RCS","1100119","2019-04-10","2019","04","10","","10.0","","6.0","","8.0","","10.0","","0.0","","","","","","13.4","","","","","","",""
"-121.76","49.24","AGASSIZ RCS","1100119","2019-04-11","2019","04","11","","9.9","","4.9","","7.4","","10.6","","0.0","","","","","","4.2","","","","","","",""
"-121.76","49.24","AGASSIZ RCS","1100119","2019-04-12","2019","04","12","","14.9","","6.0","","10.4","","7.6","","0.0","","","","","","0.0","","","","","","",""
"-121.76","49.24","AGASSIZ RCS","1100119","2019-04-13","2019","04","13","","9.7","","6.5","","8.1","","9.9","","0.0","","","","","","12.8","","","","20","","34",""
"-121.76","49.24","AGASSIZ RCS","1100119","2019-04-14","2019","04","14","","11.1","","6.0","","8.5","","9.5","","0.0","","","","","","0.0","","","","22","","33",""
"-121.76","49.24","AGASSIZ RCS","1100119","2019-04-15","2019","04","15","","14.0","","3.9","","9.0","","9.0","","0.0","","","","","","0.0","","","","","","",""
"-121.76","49.24","AGASSIZ RCS","1100119","2019-04-16","2019","04","16","","12.7","","1.7","","7.2","","10.8","","0.0","","","","","","4.9","","","","","","",""
"-121.76","49.24","AGASSIZ RCS","1100119","2019-04-17","2019","04","17","","17.2","","8.1","","12.6","","5.4","","0.0","","","","","","9.1","","","","","","",""
"-121.76","49.24","AGASSIZ RCS","1100119","2019-04-18","2019","04","18","","11.7","","9.4","","10.5","","7.5","","0.0","","","","","","44.1","","","","","","",""
"-121.76","49.24","AGASSIZ RCS","1100119","2019-04-19","2019","04","19","","15.5","","9.2","","12.3","","5.7","","0.0","","","","","","28.6","","","","","","",""
"-121.76","49.24","AGASSIZ RCS","1100119","2019-04-20","2019","04","20","","19.5","","6.9","","13.2","","4.8","","0.0","","","","","","0.0","","","","32","","37",""
"-121.76","49.24","AGASSIZ RCS","1100119","2019-04-21","2019","04","21","","16.5","","5.8","","11.1","","6.9","","0.0","","","","","","0.0","","","","4","","36",""
"-121.76","49.24","AGASSIZ RCS","1100119","2019-04-22","2019","04","22","","11.3","","9.2","","10.3","","7.7","","0.0","","","","","","6.3","","","","","","",""
"-121.76","49.24","AGASSIZ RCS","1100119","2019-04-23","2019","04","23","","16.2","","9.3","","12.8","","5.2","","0.0","","","","","","8.0","","","","","","",""
"-121.76","49.24","AGASSIZ RCS","1100119","2019-04-24","2019","04","24","","16.0","","5.5","","10.7","","7.3","","0.0","","","","","","0.0","","","","","","",""
"-121.76","49.24","AGASSIZ RCS","1100119","2019-04-25","2019","04","25","","17.4","","4.5","","11.0","","7.0","","0.0","","","","","","0.0","","","","4","","31",""
"-121.76","49.24","AGASSIZ RCS","1100119","2019-04-26","2019","04","26","","15.9","","3.1","","9.5","","8.5","","0.0","","","","","","0.0","","","","21","","37",""
"-121.76","49.24","AGASSIZ RCS","1100119","2019-04-27","2019","04","27","","11.1","","2.1","","6.6","","11.4","","0.0","","","","","","7.0","","","","1","","62",""
"-121.76","49.24","AGASSIZ RCS","1100119","2019-04-28","2019","04","28","","16.4","","1.9","","9.1","","8.9","","0.0","","","","","","0.0","","","","4","","35",""
"-121.76","49.24","AGASSIZ RCS","1100119","2019-04-29","2019","04","29","","18.4","","6.2","","12.3","","5.7","","0.0","","","","","","0.0","","","","31","","45",""
"-121.76","49.24","AGASSIZ RCS","1100119","2019-04-30","2019","04","30","","19.3","","6.4","","12.9","","5.1","","0.0","","","","","","0.0","","","","4","","44",""
"-121.76","49.24","AGASSIZ RCS","1100119","2019-05-01","2019","05","01","","18.2","","4.9","","11.5","","6.5","","0.0","","","","","","0.0","","","","29","","34",""
"-121.76","49.24","AGASSIZ RCS","1100119","2019-05-02","2019","05","02","","13.1","","8.6","","10.9","","7.1","","0.0","","","","","","0.0","","","","","","",""
"-121.76","49.24","AGASSIZ RCS","1100119","2019-05-03","2019","05","03","","14.9","","8.7","","11.8","","6.2","","0.0","","","","","","0.0","","","","","","",""
"-121.76","49.24","AGASSIZ RCS","1100119","2019-05-04","2019","05","04","","18.0","","5.1","","11.5","","6.5","","0.0","","","","","","0.0","","","","","","",""
"-121.76","49.24","AGASSIZ RCS","1100119","2019-05-05","2019","05","05","","21.3","","7.1","","14.2","","3.8","","0.0","","","","","","0.0","","","","","","",""
"-121.76","49.24","AGASSIZ RCS","1100119","2019-05-06","2019","05","06","","22.9","","7.9","","15.4","","2.6","","0.0","","","","","","0.0","","","","","","",""
"-121.76","49.24","AGASSIZ RCS","1100119","2019-05-07","2019","05","07","","23.8","","8.2","","16.0","","2.0","","0.0","","","","","","0.0","","","","5","","31",""
"-121.76","49.24","AGASSIZ RCS","1100119","2019-05-08","2019","05","08","","27.0","","8.7","","17.9","","0.1","","0.0","","","","","","0.0","","","","","","",""
"-121.76","49.24","AGASSIZ RCS","1100119","2019-05-09","2019","05","09","","27.7","","13.6","","20.6","","0.0","","2.6","","","","","","0.0","","","","3","","44",""
"-121.76","49.24","AGASSIZ RCS","1100119","2019-05-10","2019","05","10","","28.9","","13.0","","21.0","","0.0","","3.0","","","","","","0.0","","","","3","","38",""
"-121.76","49.24","AGASSIZ RCS","1100119","2019-05-11","2019","05","11","","28.8","","12.5","","20.7","","0.0","","2.7","","","","","","0.0","","","","","","",""
"-121.76","49.24","AGASSIZ RCS","1100119","2019-05-12","2019","05","12","","19.9","","9.8","","14.8","","3.2","","0.0","","","","","","0.0","","","","","","",""
"-121.76","49.24","AGASSIZ RCS","1100119","2019-05-13","2019","05","13","","19.5","","6.0","","12.7","","5.3","","0.0","","","","","","0.0","","","","","","",""
"-121.76","49.24","AGASSIZ RCS","1100119","2019-05-14","2019","05","14","","14.4","","8.7","","11.5","","6.5","","0.0","","","","","","7.2","","","","","","",""
"-121.76","49.24","AGASSIZ RCS","1100119","2019-05-15","2019","05","15","","24.8","","11.2","","18.0","","0.0","","0.0","","","","","","0.1","","","","","","",""
"-121.76","49.24","AGASSIZ RCS","1100119","2019-05-16","2019","05","16","","22.2","","10.8","","16.5","","1.5","","0.0","","","","","","0.8","","","","","","",""
"-121.76","49.24","AGASSIZ RCS","1100119","2019-05-17","2019","05","17","","17.1","","10.9","","14.0","","4.0","","0.0","","","","","","14.2","","","","","","",""
"-121.76","49.24","AGASSIZ RCS","1100119","2019-05-18","2019","05","18","","22.7","","9.0","","15.9","","2.1","","0.0","","","","","","0.0","","","","","","",""
"-121.76","49.24","AGASSIZ RCS","1100119","2019-05-19","2019","05","19","","24.2","","13.3","","18.7","","0.0","","0.7","","","","","","0.0","","","","36","","41",""
"-121.76","49.24","AGASSIZ RCS","1100119","2019-05-20","2019","05","20","","16.5","","10.8","","13.7","","4.3","","0.0","","","","","","10.4","","","","","","",""
"-121.76","49.24","AGASSIZ RCS","1100119","2019-05-21","2019","05","21","","19.6","","9.3","","14.4","","3.6","","0.0","","","","","","0.3","","","","","","",""
"-121.76","49.24","AGASSIZ RCS","1100119","2019-05-22","2019","05","22","","24.9","","11.1","","18.0","","0.0","","0.0","","","","","","0.0","","","","","","",""
"-121.76","49.24","AGASSIZ RCS","1100119","2019-05-23","2019","05","23","","24.3","","14.3","","19.3","","0.0","","1.3","","","","","","0.5","","","","4","","37",""
"-121.76","49.24","AGASSIZ RCS","1100119","2019-05-24","2019","05","24","","16.8","","12.6","","14.7","","3.3","","0.0","","","","","","4.4","","","","","","",""
"-121.76","49.24","AGASSIZ RCS","1100119","2019-05-25","2019","05","25","","14.6","","11.7","","13.1","","4.9","","0.0","","","","","","3.1","","","","","","",""
"-121.76","49.24","AGASSIZ RCS","1100119","2019-05-26","2019","05","26","","25.7","","10.6","","18.2","","0.0","","0.2","","","","","","0.0","","","","31","","31",""
"-121.76","49.24","AGASSIZ RCS","1100119","2019-05-27","2019","05","27","","26.2","","11.6","","18.9","","0.0","","0.9","","","","","","0.0","","","","35","","37",""
"-121.76","49.24","AGASSIZ RCS","1100119","2019-05-28","2019","05","28","","19.8","","11.8","","15.8","","2.2","","0.0","","","","","","0.0","","","","","","",""
"-121.76","49.24","AGASSIZ RCS","1100119","2019-05-29","2019","05","29","","21.3","","13.8","","17.6","","0.4","","0.0","","","","","","0.0","","","","","","",""
"-121.76","49.24","AGASSIZ RCS","1100119","2019-05-30","2019","05","30","","24.7","","14.1","","19.4","","0.0","","1.4","","","","","","0.0","","","","","","",""
"-121.76","49.24","AGASSIZ RCS","1100119","2019-05-31","2019","05","31","","26.4","","12.3","","19.3","","0.0","","1.3","","","","","","0.0","","","","","","",""
"-121.76","49.24","AGASSIZ RCS","1100119","2019-06-01","2019","06","01","","25.0","","10.4","","17.7","","0.3","","0.0","","","","","","0.0","","","","","","",""
"-121.76","49.24","AGASSIZ RCS","1100119","2019-06-02","2019","06","02","","25.1","","11.1","","18.1","","0.0","","0.1","","","","","","0.0","","","","","","",""
"-121.76","49.24","AGASSIZ RCS","1100119","2019-06-03","2019","06","03","","20.9","","12.1","","16.5","","1.5","","0.0","","","","","","0.0","","","","","","",""
"-121.76","49.24","AGASSIZ RCS","1100119","2019-06-04","2019","06","04","","21.1","","6.2","","13.6","","4.4","","0.0","","","","","","0.0","","","","","","",""
"-121.76","49.24","AGASSIZ RCS","1100119","2019-06-05","2019","06","05","","18.4","","10.8","","14.6","","3.4","","0.0","","","","","","16.9","","","","","","",""
"-121.76","49.24","AGASSIZ RCS","1100119","2019-06-06","2019","06","06","","18.1","","7.3","","12.7","","5.3","","0.0","","","","","","7.8","","","","","","",""
"-121.76","49.24","AGASSIZ RCS","1100119","2019-06-07","2019","06","07","","17.1","","10.0","","13.5","","4.5","","0.0","","","","","","0.1","","","","","","",""
"-121.76","49.24","AGASSIZ RCS","1100119","2019-06-08","2019","06","08","","17.5","","10.4","","14.0","","4.0","","0.0","","","","","","0.5","","","","","","",""
"-121.76","49.24","AGASSIZ RCS","1100119","2019-06-09","2019","06","09","","21.5","","8.9","","15.2","","2.8","","0.0","","","","","","0.0","","","","","","",""
"-121.76","49.24","AGASSIZ RCS","1100119","2019-06-10","2019","06","10","","24.3","","9.7","","17.0","","1.0","","0.0","","","","","","0.0","","","","","","",""
"-121.76","49.24","AGASSIZ RCS","1100119","2019-06-11","2019","06","11","","30.8","","12.7","","21.8","","0.0","","3.8","","","","","","0.0","","","","5","","31",""
"-121.76","49.24","AGASSIZ RCS","1100119","2019-06-12","2019","06","12","","33.0","","18.3","","25.6","","0.0","","7.6","","","","","","0.0","","","","35","","33",""
"-121.76","49.24","AGASSIZ RCS","1100119","2019-06-13","2019","06","13","","26.7","","15.4","","21.1","","0.0","","3.1","","","","","","0.0","","","","","","",""
"-121.76","49.24","AGASSIZ RCS","1100119","2019-06-14","2019","06","14","","21.5","","11.1","","16.3","","1.7","","0.0","","","","","","0.0","","","","","","",""
"-121.76","49.24","AGASSIZ RCS","1100119","2019-06-15","2019","06","15","","24.3","","14.9","","19.6","","0.0","","1.6","","","","","","0.0","","","","","","",""
"-121.76","49.24","AGASSIZ RCS","1100119","2019-06-16","2019","06","16","","25.7","","11.3","","18.5","","0.0","","0.5","","","","","","0.0","","","","","","",""
"-121.76","49.24","AGASSIZ RCS","1100119","2019-06-17","2019","06","17","","25.6","","12.0","","18.8","","0.0","","0.8","","","","","","0.0","","","","","","",""
"-121.76","49.24","AGASSIZ RCS","1100119","2019-06-18","2019","06","18","","23.3","","16.3","","19.8","","0.0","","1.8","","","","","","0.0","","","","23","","31",""
"-121.76","49.24","AGASSIZ RCS","1100119","2019-06-19","2019","06","19","","18.9","","10.1","","14.5","","3.5","","0.0","","","","","","10.6","","","","","","",""
"-121.76","49.24","AGASSIZ RCS","1100119","2019-06-20","2019","06","20","","17.5","","9.5","","13.5","","4.5","","0.0","","","","","","8.6","","","","4","","40",""
"-121.76","49.24","AGASSIZ RCS","1100119","2019-06-21","2019","06","21","","22.0","","11.7","","16.8","","1.2","","0.0","","","","","","0.0","","","","","","",""
"-121.76","49.24","AGASSIZ RCS","1100119","2019-06-22","2019","06","22","","17.4","","14.2","","15.8","","2.2","","0.0","","","","","","0.0","","","","","","",""
"-121.76","49.24","AGASSIZ RCS","1100119","2019-06-23","2019","06","23","","19.1","","13.5","","16.3","","1.7","","0.0","","","","","","0.0","","","","","","",""
"-121.76","49.24","AGASSIZ RCS","1100119","2019-06-24","2019","06","24","","20.4","","11.6","","16.0","","2.0","","0.0","","","","","","0.5","","","","","","",""
"-121.76","49.24","AGASSIZ RCS","1100119","2019-06-25","2019","06","25","","23.9","","9.6","","16.7","","1.3","","0.0","","","","","","0.0","","","","4","","48",""
"-121.76","49.24","AGASSIZ RCS","1100119","2019-06-26","2019","06","26","","25.2","","12.8","","19.0","","0.0","","1.0","","","","","","2.2","","","","5","","37",""
"-121.76","49.24","AGASSIZ RCS","1100119","2019-06-27","2019","06","27","","18.2","","13.0","","15.6","","2.4","","0.0","","","","","","12.0","","","","","","",""
"-121.76","49.24","AGASSIZ RCS","1100119","2019-06-28","2019","06","28","","18.8","","12.6","","15.7","","2.3","","0.0","","","","","","13.2","","","","","","",""
"-121.76","49.24","AGASSIZ RCS","1100119","2019-06-29","2019","06","29","","22.9","","12.8","","17.9","","0.1","","0.0","","","","","","0.0","","","","","","",""
"-121.76","49.24","AGASSIZ RCS","1100119","2019-06-30","2019","06","30","","26.5","","12.6","","19.6","","0.0","","1.6","","","","","","0.0","","","","","","",""
"-121.76","49.24","AGASSIZ RCS","1100119","2019-07-01","2019","07","01","","26.3","","13.9","","20.1","","0.0","","2.1","","","","","","0.0","","","","4","","36",""
"-121.76","49.24","AGASSIZ RCS","1100119","2019-07-02","2019","07","02","","19.5","","13.9","","16.7","","1.3","","0.0","","","","","","0.3","","","","","","",""
"-121.76","49.24","AGASSIZ RCS","1100119","2019-07-03","2019","07","03","","20.1","","14.5","","17.3","","0.7","","0.0","","","","","","0.0","","","","","","",""
"-121.76","49.24","AGASSIZ RCS","1100119","2019-07-04","2019","07","04","","19.1","","15.1","","17.1","","0.9","","0.0","","","","","","0.0","","","","","","",""
"-121.76","49.24","AGASSIZ RCS","1100119","2019-07-05","2019","07","05","","17.9","","14.7","","16.3","","1.7","","0.0","","","","","","1.9","","","","","","",""
"-121.76","49.24","AGASSIZ RCS","1100119","2019-07-06","2019","07","06","","20.7","","13.8","","17.2","","0.8","","0.0","","","","","","0.0","","","","","","",""
"-121.76","49.24","AGASSIZ RCS","1100119","2019-07-07","2019","07","07","","16.7","","14.0","","15.4","","2.6","","0.0","","","","","","3.4","","","","","","",""
"-121.76","49.24","AGASSIZ RCS","1100119","2019-07-08","2019","07","08","","23.3","","13.7","","18.5","","0.0","","0.5","","","","","","0.0","","","","","","",""
"-121.76","49.24","AGASSIZ RCS","1100119","2019-07-09","2019","07","09","","26.6","","11.8","","19.2","","0.0","","1.2","","","","","","2.8","","","","","","",""
"-121.76","49.24","AGASSIZ RCS","1100119","2019-07-10","2019","07","10","","21.8","","15.4","","18.6","","0.0","","0.6","","","","","","12.3","","","","","","",""
"-121.76","49.24","AGASSIZ RCS","1100119","2019-07-11","2019","07","11","","22.8","","15.5","","19.1","","0.0","","1.1","","","","","","11.9","","","","","","",""
"-121.76","49.24","AGASSIZ RCS","1100119","2019-07-12","2019","07","12","","25.9","","13.0","","19.5","","0.0","","1.5","","","","","","0.0","","","","","","",""
"-121.76","49.24","AGASSIZ RCS","1100119","2019-07-13","2019","07","13","","24.7","","13.5","","19.1","","0.0","","1.1","","","","","","0.0","","","","","","",""
"-121.76","49.24","AGASSIZ RCS","1100119","2019-07-14","2019","07","14","","24.9","","15.2","","20.0","","0.0","","2.0","","","","","","0.0","","","","","","",""
"-121.76","49.24","AGASSIZ RCS","1100119","2019-07-15","2019","07","15","","25.3","","13.9","","19.6","","0.0","","1.6","","","","","","0.0","","","","","","",""
"-121.76","49.24","AGASSIZ RCS","1100119","2019-07-16","2019","07","16","","25.6","","12.4","","19.0","","0.0","","1.0","","","","","","0.0","","","","","","",""
"-121.76","49.24","AGASSIZ RCS","1100119","2019-07-17","2019","07","17","","19.4","","15.8","","17.6","","0.4","","0.0","","","","","","19.9","","","","","","",""
"-121.76","49.24","AGASSIZ RCS","1100119","2019-07-18","2019","07","18","","21.6","","14.9","","18.2","","0.0","","0.2","","","","","","0.0","","","","21","","33",""
"-121.76","49.24","AGASSIZ RCS","1100119","2019-07-19","2019","07","19","","21.1","","11.8","","16.4","","1.6","","0.0","","","","","","2.0","","","","","","",""
"-121.76","49.24","AGASSIZ RCS","1100119","2019-07-20","2019","07","20","","26.6","","12.1","","19.4","","0.0","","1.4","","","","","","0.0","","","","4","","36",""
"-121.76","49.24","AGASSIZ RCS","1100119","2019-07-21","2019","07","21","","30.7","","17.9","","24.3","","0.0","","6.3","","","","","","0.0","","","","5","","34",""
"-121.76","49.24","AGASSIZ RCS","1100119","2019-07-22","2019","07","22","","27.1","","14.0","","20.5","","0.0","","2.5","","","","","","0.0","","","","","","",""
"-121.76","49.24","AGASSIZ RCS","1100119","2019-07-23","2019","07","23","","25.4","","12.4","","18.9","","0.0","","0.9","","","","","","0.0","","","","","","",""
"-121.76","49.24","AGASSIZ RCS","1100119","2019-07-24","2019","07","24","","22.1","","12.7","","17.4","","0.6","","0.0","","","","","","4.9","","","","","","",""
"-121.76","49.24","AGASSIZ RCS","1100119","2019-07-25","2019","07","25","","27.8","","11.2","","19.5","","0.0","","1.5","","","","","","0.0","","","","","","",""
"-121.76","49.24","AGASSIZ RCS","1100119","2019-07-26","2019","07","26","","29.6","","13.2","","21.4","","0.0","","3.4","","","","","","0.0","","","","","","",""
"-121.76","49.24","AGASSIZ RCS","1100119","2019-07-27","2019","07","27","","23.9","","15.7","","19.8","","0.0","","1.8","","","","","","5.0","","","","24","","31",""
"-121.76","49.24","AGASSIZ RCS","1100119","2019-07-28","2019","07","28","","26.4","","12.8","","19.6","","0.0","","1.6","","","","","","0.0","","","","","","",""
"-121.76","49.24","AGASSIZ RCS","1100119","2019-07-29","2019","07","29","","26.6","","11.5","","19.0","","0.0","","1.0","","","","","","0.0","","","","","","",""
"-121.76","49.24","AGASSIZ RCS","1100119","2019-07-30","2019","07","30","","23.6","","13.5","","18.6","","0.0","","0.6","","","","","","0.0","","","","","","",""
"-121.76","49.24","AGASSIZ RCS","1100119","2019-07-31","2019","07","31","","","M","","M","","M","","M","","M","","","","","","M","","","","M","","M"
"-121.76","49.24","AGASSIZ RCS","1100119","2019-08-01","2019","08","01","","","M","","M","","M","","M","","M","","","","","","M","","","","M","","M"
"-121.76","49.24","AGASSIZ RCS","1100119","2019-08-02","2019","08","02","","24.7","","15.3","","20.0","","0.0","","2.0","","","","","","43.0","","","","","","",""
"-121.76","49.24","AGASSIZ RCS","1100119","2019-08-03","2019","08","03","","26.9","","12.4","","19.6","","0.0","","1.6","","","","","","0.0","","","","","","",""
"-121.76","49.24","AGASSIZ RCS","1100119","2019-08-04","2019","08","04","","32.4","","17.3","","24.8","","0.0","","6.8","","","","","","0.0","","","","36","","38",""
"-121.76","49.24","AGASSIZ RCS","1100119","2019-08-05","2019","08","05","","31.0","","15.9","","23.4","","0.0","","5.4","","","","","","0.0","","","","4","","39",""
"-121.76","49.24","AGASSIZ RCS","1100119","2019-08-06","2019","08","06","","29.8","","13.5","","21.6","","0.0","","3.6","","","","","","0.0","","","","","","",""
"-121.76","49.24","AGASSIZ RCS","1100119","2019-08-07","2019","08","07","","28.0","","12.8","","20.4","","0.0","","2.4","","","","","","0.0","","","","","","",""
"-121.76","49.24","AGASSIZ RCS","1100119","2019-08-08","2019","08","08","","24.4","","13.6","","19.0","","0.0","","1.0","","","","","","0.0","","","","","","",""
"-121.76","49.24","AGASSIZ RCS","1100119","2019-08-09","2019","08","09","","23.0","","16.1","","19.6","","0.0","","1.6","","","","","","0.0","","","","","","",""
"-121.76","49.24","AGASSIZ RCS","1100119","2019-08-10","2019","08","10","","22.6","","17.1","","19.8","","0.0","","1.8","","","","","","1.1","","","","","","",""
"-121.76","49.24","AGASSIZ RCS","1100119","2019-08-11","2019","08","11","","20.1","","14.8","","17.5","","0.5","","0.0","","","","","","1.6","","","","","","",""
"-121.76","49.24","AGASSIZ RCS","1100119","2019-08-12","2019","08","12","","25.1","","14.9","","20.0","","0.0","","2.0","","","","","","0.8","","","","","","",""
"-121.76","49.24","AGASSIZ RCS","1100119","2019-08-13","2019","08","13","","27.3","","14.7","","21.0","","0.0","","3.0","","","","","","0.0","","","","4","","34",""
"-121.76","49.24","AGASSIZ RCS","1100119","2019-08-14","2019","08","14","","28.7","","13.8","","21.2","","0.0","","3.2","","","","","","0.0","","","","","","",""
"-121.76","49.24","AGASSIZ RCS","1100119","2019-08-15","2019","08","15","","27.0","","13.2","","20.1","","0.0","","2.1","","","","","","0.0","","","","","","",""
"-121.76","49.24","AGASSIZ RCS","1100119","2019-08-16","2019","08","16","","21.9","","12.6","","17.3","","0.7","","0.0","","","","","","0.0","","","","","","",""
"-121.76","49.24","AGASSIZ RCS","1100119","2019-08-17","2019","08","17","","22.0","","14.8","","18.4","","0.0","","0.4","","","","","","0.0","","","","","","",""
"-121.76","49.24","AGASSIZ RCS","1100119","2019-08-18","2019","08","18","","23.7","","15.4","","19.5","","0.0","","1.5","","","","","","0.0","","","","","","",""
"-121.76","49.24","AGASSIZ RCS","1100119","2019-08-19","2019","08","19","","23.5","","11.9","","17.7","","0.3","","0.0","","","","","","0.0","","","","","","",""
"-121.76","49.24","AGASSIZ RCS","1100119","2019-08-20","2019","08","20","","27.5","","13.3","","20.4","","0.0","","2.4","","","","","","0.0","","","","4","","32",""
"-121.76","49.24","AGASSIZ RCS","1100119","2019-08-21","2019","08","21","","18.7","","13.5","","16.1","","1.9","","0.0","","","","","","6.7","","","","","","",""
"-121.76","49.24","AGASSIZ RCS","1100119","2019-08-22","2019","08","22","","23.1","","14.2","","18.7","","0.0","","0.7","","","","","","0.0","","","","","","",""
"-121.76","49.24","AGASSIZ RCS","1100119","2019-08-23","2019","08","23","","20.2","","11.0","","15.6","","2.4","","0.0","","","","","","1.8","","","","","","",""
"-121.76","49.24","AGASSIZ RCS","1100119","2019-08-24","2019","08","24","","20.4","","12.2","","16.3","","1.7","","0.0","","","","","","0.0","","","","","","",""
"-121.76","49.24","AGASSIZ RCS","1100119","2019-08-25","2019","08","25","","22.3","","12.6","","17.5","","0.5","","0.0","","","","","","0.0","","","","","","",""
"-121.76","49.24","AGASSIZ RCS","1100119","2019-08-26","2019","08","26","","25.6","","9.2","","17.4","","0.6","","0.0","","","","","","0.0","","","","","","",""
"-121.76","49.24","AGASSIZ RCS","1100119","2019-08-27","2019","08","27","","29.1","","13.6","","21.4","","0.0","","3.4","","","","","","0.0","","","","","","",""
"-121.76","49.24","AGASSIZ RCS","1100119","2019-08-28","2019","08","28","","30.7","","13.3","","22.0","","0.0","","4.0","","","","","","0.0","","","","3","","38",""
"-121.76","49.24","AGASSIZ RCS","1100119","2019-08-29","2019","08","29","","29.1","","13.5","","21.3","","0.0","","3.3","","","","","","0.0","","","","6","","31",""
"-121.76","49.24","AGASSIZ RCS","1100119","2019-08-30","2019","08","30","","23.0","","17.5","","20.2","","0.0","","2.2","","","","","","0.2","","","","","","",""
"-121.76","49.24","AGASSIZ RCS","1100119","2019-08-31","2019","08","31","","25.6","","14.7","","20.2","","0.0","","2.2","","","","","","0.0","","","","","","",""
"-121.76","49.24","AGASSIZ RCS","1100119","2019-09-01","2019","09","01","","23.9","","14.9","","19.4","","0.0","","1.4","","","","","","0.0","","","","","","",""
"-121.76","49.24","AGASSIZ RCS","1100119","2019-09-02","2019","09","02","","26.5","","11.1","","18.8","","0.0","","0.8","","","","","","0.0","","","","","","",""
"-121.76","49.24","AGASSIZ RCS","1100119","2019-09-03","2019","09","03","","25.9","","11.9","","18.9","","0.0","","0.9","","","","","","4.6","","","","","","",""
"-121.76","49.24","AGASSIZ RCS","1100119","2019-09-04","2019","09","04","","25.2","","13.9","","19.5","","0.0","","1.5","","","","","","0.0","","","","","","",""
"-121.76","49.24","AGASSIZ RCS","1100119","2019-09-05","2019","09","05","","29.4","","14.1","","21.8","","0.0","","3.8","","","","","","0.0","","","","5","","35",""
"-121.76","49.24","AGASSIZ RCS","1100119","2019-09-06","2019","09","06","","28.2","","12.9","","20.6","","0.0","","2.6","","","","","","0.0","","","","","","",""
"-121.76","49.24","AGASSIZ RCS","1100119","2019-09-07","2019","09","07","","24.5","","12.6","","18.6","","0.0","","0.6","","","","","","0.5","","","","","","",""
"-121.76","49.24","AGASSIZ RCS","1100119","2019-09-08","2019","09","08","","18.7","","15.5","","17.1","","0.9","","0.0","","","","","","11.6","","","","27","","38",""
"-121.76","49.24","AGASSIZ RCS","1100119","2019-09-09","2019","09","09","","20.0","","14.5","","17.3","","0.7","","0.0","","","","","","7.2","","","","","","",""
"-121.76","49.24","AGASSIZ RCS","1100119","2019-09-10","2019","09","10","","20.8","","14.1","","17.4","","0.6","","0.0","","","","","","0.0","","","","","","",""
"-121.76","49.24","AGASSIZ RCS","1100119","2019-09-11","2019","09","11","","20.5","","15.1","","17.8","","0.2","","0.0","","","","","","0.0","","","","","","",""
"-121.76","49.24","AGASSIZ RCS","1100119","2019-09-12","2019","09","12","","22.7","","13.2","","18.0","","0.0","","0.0","","","","","","18.1","","","","4","","51",""
"-121.76","49.24","AGASSIZ RCS","1100119","2019-09-13","2019","09","13","","18.6","","13.5","","16.1","","1.9","","0.0","","","","","","10.6","","","","31","","39",""
"-121.76","49.24","AGASSIZ RCS","1100119","2019-09-14","2019","09","14","","18.3","","12.8","","15.6","","2.4","","0.0","","","","","","12.7","","","","","","",""
"-121.76","49.24","AGASSIZ RCS","1100119","2019-09-15","2019","09","15","","15.0","","11.6","","13.3","","4.7","","0.0","","","","","","50.0","","","","","","",""
"-121.76","49.24","AGASSIZ RCS","1100119","2019-09-16","2019","09","16","","19.0","","11.0","","15.0","","3.0","","0.0","","","","","","2.3","","","","","","",""
"-121.76","49.24","AGASSIZ RCS","1100119","2019-09-17","2019","09","17","","15.8","","12.2","","14.0","","4.0","","0.0","","","","","","3.7","","","","6","","33",""
"-121.76","49.24","AGASSIZ RCS","1100119","2019-09-18","2019","09","18","","19.1","","12.8","","16.0","","2.0","","0.0","","","","","","1.5","","","","4","","33",""
"-121.76","49.24","AGASSIZ RCS","1100119","2019-09-19","2019","09","19","","18.5","","10.5","","14.5","","3.5","","0.0","","","","","","0.0","","","","","","",""
"-121.76","49.24","AGASSIZ RCS","1100119","2019-09-20","2019","09","20","","20.0","","13.5","","16.8","","1.2","","0.0","","","","","","0.0","","","","","","",""
"-121.76","49.24","AGASSIZ RCS","1100119","2019-09-21","2019","09","21","","20.1","","12.8","","16.4","","1.6","","0.0","","","","","","0.0","","","","","","",""
"-121.76","49.24","AGASSIZ RCS","1100119","2019-09-22","2019","09","22","","17.2","","14.0","","15.6","","2.4","","0.0","","","","","","7.8","","","","","","",""
"-121.76","49.24","AGASSIZ RCS","1100119","2019-09-23","2019","09","23","","15.7","","11.6","","13.7","","4.3","","0.0","","","","","","4.1","","","","","","",""
"-121.76","49.24","AGASSIZ RCS","1100119","2019-09-24","2019","09","24","","18.7","","11.3","","15.0","","3.0","","0.0","","","","","","3.8","","","","","","",""
"-121.76","49.24","AGASSIZ RCS","1100119","2019-09-25","2019","09","25","","18.5","","11.2","","14.8","","3.2","","0.0","","","","","","0.0","","","","","","",""
"-121.76","49.24","AGASSIZ RCS","1100119","2019-09-26","2019","09","26","","17.6","","8.9","","13.2","","4.8","","0.0","","","","","","30.5","","","","","","",""
"-121.76","49.24","AGASSIZ RCS","1100119","2019-09-27","2019","09","27","","15.4","","7.9","","11.7","","6.3","","0.0","","","","","","0.3","","","","24","","36",""
"-121.76","49.24","AGASSIZ RCS","1100119","2019-09-28","2019","09","28","","14.4","","8.2","","11.3","","6.7","","0.0","","","","","","2.9","","","","32","","43",""
"-121.76","49.24","AGASSIZ RCS","1100119","2019-09-29","2019","09","29","","13.3","","8.4","","10.9","","7.1","","0.0","","","","","","0.0","","","","28","","39",""
"-121.76","49.24","AGASSIZ RCS","1100119","2019-09-30","2019","09","30","","17.1","","5.0","","11.0","","7.0","","0.0","","","","","","0.0","","","","","","",""
"-121.76","49.24","AGASSIZ RCS","1100119","2019-10-01","2019","10","01","","15.6","","4.6","","10.1","","7.9","","0.0","","","","","","0.0","","","","4","","36",""
"-121.76","49.24","AGASSIZ RCS","1100119","2019-10-02","2019","10","02","","16.8","","6.6","","11.7","","6.3","","0.0","","","","","","0.3","","","","","","",""
"-121.76","49.24","AGASSIZ RCS","1100119","2019-10-03","2019","10","03","","12.5","","8.6","","10.5","","7.5","","0.0","","","","","","2.9","","","","","","",""
"-121.76","49.24","AGASSIZ RCS","1100119","2019-10-04","2019","10","04","","12.5","","7.8","","10.2","","7.8","","0.0","","","","","","3.1","","","","","","",""
"-121.76","49.24","AGASSIZ RCS","1100119","2019-10-05","2019","10","05","","15.6","","9.2","","12.4","","5.6","","0.0","","","","","","2.0","","","","","","",""
"-121.76","49.24","AGASSIZ RCS","1100119","2019-10-06","2019","10","06","","15.3","","5.3","","10.3","","7.7","","0.0","","","","","","0.0","","","","","","",""
"-121.76","49.24","AGASSIZ RCS","1100119","2019-10-07","2019","10","07","","15.9","","9.9","","12.9","","5.1","","0.0","","","","","","14.6","","","","24","","44",""
"-121.76","49.24","AGASSIZ RCS","1100119","2019-10-08","2019","10","08","","13.0","","3.6","","8.3","","9.7","","0.0","","","","","","8.4","","","","13","","42",""
"-121.76","49.24","AGASSIZ RCS","1100119","2019-10-09","2019","10","09","","11.0","","1.7","","6.3","","11.7","","0.0","","","","","","0.0","","","","31","","46",""
"-121.76","49.24","AGASSIZ RCS","1100119","2019-10-10","2019","10","10","","13.3","","2.2","","7.7","","10.3","","0.0","","","","","","0.0","","","","36","","34",""
"-121.76","49.24","AGASSIZ RCS","1100119","2019-10-11","2019","10","11","","16.2","","6.0","","11.1","","6.9","","0.0","","","","","","0.0","","","","6","","45",""
"-121.76","49.24","AGASSIZ RCS","1100119","2019-10-12","2019","10","12","","14.1","","5.3","","9.7","","8.3","","0.0","","","","","","1.2","","","","","","",""
"-121.76","49.24","AGASSIZ RCS","1100119","2019-10-13","2019","10","13","","13.2","","6.6","","9.9","","8.1","","0.0","","","","","","0.2","","","","","","",""
"-121.76","49.24","AGASSIZ RCS","1100119","2019-10-14","2019","10","14","","15.6","","4.0","","9.8","","8.2","","0.0","","","","","","0.0","","","","","","",""
"-121.76","49.24","AGASSIZ RCS","1100119","2019-10-15","2019","10","15","","12.9","","8.8","","10.9","","7.1","","0.0","","","","","","0.5","","","","1","","37",""
"-121.76","49.24","AGASSIZ RCS","1100119","2019-10-16","2019","10","16","","12.9","","9.6","","11.2","","6.8","","0.0","","","","","","24.2","","","","4","","41",""
"-121.76","49.24","AGASSIZ RCS","1100119","2019-10-17","2019","10","17","","12.3","","8.4","","10.3","","7.7","","0.0","","","","","","18.8","","","","","","",""
"-121.76","49.24","AGASSIZ RCS","1100119","2019-10-18","2019","10","18","","10.8","","8.0","","9.4","","8.6","","0.0","","","","","","10.8","","","","24","","39",""
"-121.76","49.24","AGASSIZ RCS","1100119","2019-10-19","2019","10","19","","10.3","","7.1","","8.7","","9.3","","0.0","","","","","","5.7","","","","","","",""
"-121.76","49.24","AGASSIZ RCS","1100119","2019-10-20","2019","10","20","","10.3","","7.0","","8.7","","9.3","","0.0","","","","","","8.7","","","","","","",""
"-121.76","49.24","AGASSIZ RCS","1100119","2019-10-21","2019","10","21","","10.3","","7.5","","8.9","","9.1","","0.0","","","","","","21.9","","","","","","",""
"-121.76","49.24","AGASSIZ RCS","1100119","2019-10-22","2019","10","22","","13.8","","6.0","","9.9","","8.1","","0.0","","","","","","1.4","","","","","","",""
"-121.76","49.24","AGASSIZ RCS","1100119","2019-10-23","2019","10","23","","14.1","","2.5","","8.3","","9.7","","0.0","","","","","","0.0","","","","","","",""
"-121.76","49.24","AGASSIZ RCS","1100119","2019-10-24","2019","10","24","","12.5","","6.5","","9.5","","8.5","","0.0","","","","","","0.0","","","","","","",""
"-121.76","49.24","AGASSIZ RCS","1100119","2019-10-25","2019","10","25","","13.9","","6.6","","10.3","","7.7","","0.0","","","","","","24.7","","","","22","","56",""
"-121.76","49.24","AGASSIZ RCS","1100119","2019-10-26","2019","10","26","","13.6","","5.3","","9.4","","8.6","","0.0","","","","","","0.0","","","","4","","31",""
"-121.76","49.24","AGASSIZ RCS","1100119","2019-10-27","2019","10","27","","13.0","","1.0","","7.0","","11.0","","0.0","","","","","","0.0","","","","2","","34",""
"-121.76","49.24","AGASSIZ RCS","1100119","2019-10-28","2019","10","28","","11.8","","1.5","","6.7","","11.3","","0.0","","","","","","0.0","","","","23","","42",""
"-121.76","49.24","AGASSIZ RCS","1100119","2019-10-29","2019","10","29","","10.5","","-0.6","","4.9","","13.1","","0.0","","","","","","0.0","","","","30","","44",""
"-121.76","49.24","AGASSIZ RCS","1100119","2019-10-30","2019","10","30","","9.8","","-0.6","","4.6","","13.4","","0.0","","","","","","0.0","","","","4","","31",""
"-121.76","49.24","AGASSIZ RCS","1100119","2019-10-31","2019","10","31","","11.2","","0.1","","5.7","","12.3","","0.0","","","","","","0.0","","","","4","","31",""
"-121.76","49.24","AGASSIZ RCS","1100119","2019-11-01","2019","11","01","","13.3","","3.3","","8.3","","9.7","","0.0","","","","","","0.0","","","","5","","31",""
"-121.76","49.24","AGASSIZ RCS","1100119","2019-11-02","2019","11","02","","12.5","","2.3","","7.4","","10.6","","0.0","","","","","","0.0","","","","","","",""
"-121.76","49.24","AGASSIZ RCS","1100119","2019-11-03","2019","11","03","","11.1","","-0.4","","5.4","","12.6","","0.0","","","","","","0.0","","","","","","",""
"-121.76","49.24","AGASSIZ RCS","1100119","2019-11-04","2019","11","04","","12.0","","-0.9","","5.6","","12.4","","0.0","","","","","","0.0","","","","","","",""
"-121.76","49.24","AGASSIZ RCS","1100119","2019-11-05","2019","11","05","","14.0","","4.7","","9.4","","8.6","","0.0","","","","","","0.0","","","","","","",""
"-121.76","49.24","AGASSIZ RCS","1100119","2019-11-06","2019","11","06","","15.8","","5.0","","10.4","","7.6","","0.0","","","","","","0.0","","","","35","","40",""
"-121.76","49.24","AGASSIZ RCS","1100119","2019-11-07","2019","11","07","","11.6","","5.3","","8.4","","9.6","","0.0","","","","","","0.0","","","","4","","52",""
"-121.76","49.24","AGASSIZ RCS","1100119","2019-11-08","2019","11","08","","13.6","","2.5","","8.1","","9.9","","0.0","","","","","","0.0","","","","","","",""
"-121.76","49.24","AGASSIZ RCS","1100119","2019-11-09","2019","11","09","","10.0","","6.9","","8.5","","9.5","","0.0","","","","","","1.8","","","","","","",""
"-121.76","49.24","AGASSIZ RCS","1100119","2019-11-10","2019","11","10","","15.4","","8.6","","12.0","","6.0","","0.0","","","","","","1.1","","","","35","","49",""
"-121.76","49.24","AGASSIZ RCS","1100119","2019-11-11","2019","11","11","","11.6","","7.4","","9.5","","8.5","","0.0","","","","","","0.0","","","","4","","52",""
"-121.76","49.24","AGASSIZ RCS","1100119","2019-11-12","2019","11","12","","9.5","","6.0","","7.7","","10.3","","0.0","","","","","","10.0","","","","","","",""
"-121.76","49.24","AGASSIZ RCS","1100119","2019-11-13","2019","11","13","","13.0","","7.8","","10.4","","7.6","","0.0","","","","","","6.2","","","","","","",""
"-121.76","49.24","AGASSIZ RCS","1100119","2019-11-14","2019","11","14","","11.6","","8.2","","9.9","","8.1","","0.0","","","","","","0.1","","","","4","","46",""
"-121.76","49.24","AGASSIZ RCS","1100119","2019-11-15","2019","11","15","","12.1","","4.3","","8.2","","9.8","","0.0","","","","","","11.7","","","","","","",""
"-121.76","49.24","AGASSIZ RCS","1100119","2019-11-16","2019","11","16","","10.6","","6.3","","8.5","","9.5","","0.0","","","","","","4.3","","","","","","",""
"-121.76","49.24","AGASSIZ RCS","1100119","2019-11-17","2019","11","17","","12.7","","8.6","","10.6","","7.4","","0.0","","","","","","43.2","","","","","","",""
"-121.76","49.24","AGASSIZ RCS","1100119","2019-11-18","2019","11","18","","11.4","","5.6","","8.5","","9.5","","0.0","","","","","","7.0","","","","","","",""
"-121.76","49.24","AGASSIZ RCS","1100119","2019-11-19","2019","11","19","","13.8","","6.8","","10.3","","7.7","","0.0","","","","","","12.3","","","","","","",""
"-121.76","49.24","AGASSIZ RCS","1100119","2019-11-20","2019","11","20","","11.5","","6.2","","8.9","","9.1","","0.0","","","","","","0.0","","","","35","","46",""
"-121.76","49.24","AGASSIZ RCS","1100119","2019-11-21","2019","11","21","","10.3","","0.9","","5.6","","12.4","","0.0","","","","","","0.0","","","","32","","44",""
"-121.76","49.24","AGASSIZ RCS","1100119","2019-11-22","2019","11","22","","8.7","","-2.7","","3.0","","15.0","","0.0","","","","","","0.0","","","","","","",""
"-121.76","49.24","AGASSIZ RCS","1100119","2019-11-23","2019","11","23","","7.4","","1.6","","4.5","","13.5","","0.0","","","","","","5.8","","","","","","",""
"-121.76","49.24","AGASSIZ RCS","1100119","2019-11-24","2019","11","24","","12.6","","5.1","","8.8","","9.2","","0.0","","","","","","1.0","","","","23","","48",""
"-121.76","49.24","AGASSIZ RCS","1100119","2019-11-25","2019","11","25","","7.0","","1.2","","4.1","","13.9","","0.0","","","","","","10.3","","","","","","",""
"-121.76","49.24","AGASSIZ RCS","1100119","2019-11-26","2019","11","26","","6.7","","0.2","","3.5","","14.5","","0.0","","","","","","0.0","","","","32","","50",""
"-121.76","49.24","AGASSIZ RCS","1100119","2019-11-27","2019","11","27","","5.1","","2.0","","3.5","","14.5","","0.0","","","","","","0.0","","","","30","","57",""
"-121.76","49.24","AGASSIZ RCS","1100119","2019-11-28","2019","11","28","","3.8","","0.4","","2.1","","15.9","","0.0","","","","","","0.0","","","","33","","65",""
"-121.76","49.24","AGASSIZ RCS","1100119","2019-11-29","2019","11","29","","3.0","","-1.0","","1.0","","17.0","","0.0","","","","","","0.0","","","","12","","60",""
"-121.76","49.24","AGASSIZ RCS","1100119","2019-11-30","2019","11","30","","1.5","","-1.7","","-0.1","","18.1","","0.0","","","","","","0.0","","","","4","","53",""
"-121.76","49.24","AGASSIZ RCS","1100119","2019-12-01","2019","12","01","","3.1","","-0.1","","1.5","","16.5","","0.0","","","","","","0.8","","","","3","","54",""
"-121.76","49.24","AGASSIZ RCS","1100119","2019-12-02","2019","12","02","","1.4","","-0.2","","0.6","","17.4","","0.0","","","","","","9.4","","0","","","","",""
"-121.76","49.24","AGASSIZ RCS","1100119","2019-12-03","2019","12","03","","6.3","","1.0","","3.7","","14.3","","0.0","","","","","","24.1","","","","","","",""
"-121.76","49.24","AGASSIZ RCS","1100119","2019-12-04","2019","12","04","","8.3","","5.4","","6.9","","11.1","","0.0","","","","","","21.9","","","","2","","44",""
"-121.76","49.24","AGASSIZ RCS","1100119","2019-12-05","2019","12","05","","7.0","","4.4","","5.7","","12.3","","0.0","","","","","","0.5","","","","4","","49",""
"-121.76","49.24","AGASSIZ RCS","1100119","2019-12-06","2019","12","06","","7.4","","3.7","","5.6","","12.4","","0.0","","","","","","1.7","","","","","","",""
"-121.76","49.24","AGASSIZ RCS","1100119","2019-12-07","2019","12","07","","6.6","","3.9","","5.2","","12.8","","0.0","","","","","","1.4","","","","","","",""
"-121.76","49.24","AGASSIZ RCS","1100119","2019-12-08","2019","12","08","","8.6","","3.8","","6.2","","11.8","","0.0","","","","","","0.0","","","","4","","45",""
"-121.76","49.24","AGASSIZ RCS","1100119","2019-12-09","2019","12","09","","7.5","","1.4","","4.5","","13.5","","0.0","","","","","","0.1","","","","5","","35",""
"-121.76","49.24","AGASSIZ RCS","1100119","2019-12-10","2019","12","10","","4.6","","0.0","","2.3","","15.7","","0.0","","","","","","0.7","","","","2","","32",""
"-121.76","49.24","AGASSIZ RCS","1100119","2019-12-11","2019","12","11","","6.8","","2.5","","4.6","","13.4","","0.0","","","","","","1.5","","","","","","",""
"-121.76","49.24","AGASSIZ RCS","1100119","2019-12-12","2019","12","12","","7.9","","2.8","","5.3","","12.7","","0.0","","","","","","20.2","","","","","","",""
"-121.76","49.24","AGASSIZ RCS","1100119","2019-12-13","2019","12","13","","7.1","","4.9","","6.0","","12.0","","0.0","","","","","","5.7","","","","","","",""
"-121.76","49.24","AGASSIZ RCS","1100119","2019-12-14","2019","12","14","","5.3","","1.4","","3.3","","14.7","","0.0","","","","","","7.2","","","","","","",""
"-121.76","49.24","AGASSIZ RCS","1100119","2019-12-15","2019","12","15","","4.8","","1.9","","3.3","","14.7","","0.0","","","","","","6.8","","","","2","","81",""
"-121.76","49.24","AGASSIZ RCS","1100119","2019-12-16","2019","12","16","","4.4","","0.9","","2.6","","15.4","","0.0","","","","","","4.2","","","","","","",""
"-121.76","49.24","AGASSIZ RCS","1100119","2019-12-17","2019","12","17","","5.3","","3.1","","4.2","","13.8","","0.0","","","","","","3.7","","","","","","",""
"-121.76","49.24","AGASSIZ RCS","1100119","2019-12-18","2019","12","18","","7.7","","4.3","","6.0","","12.0","","0.0","","","","","","1.5","","","","4","","33",""
"-121.76","49.24","AGASSIZ RCS","1100119","2019-12-19","2019","12","19","","6.9","","1.5","","4.2","","13.8","","0.0","","","","","","29.3","","","","4","","34",""
"-121.76","49.24","AGASSIZ RCS","1100119","2019-12-20","2019","12","20","","6.7","","3.5","","5.1","","12.9","","0.0","","","","","","69.9","","","","5","","41",""
"-121.76","49.24","AGASSIZ RCS","1100119","2019-12-21","2019","12","21","","4.5","","1.8","","3.2","","14.8","","0.0","","","","","","29.6","","","","","","",""
"-121.76","49.24","AGASSIZ RCS","1100119","2019-12-22","2019","12","22","","6.5","","1.9","","4.2","","13.8","","0.0","","","","","","0.0","","","","","","",""
"-121.76","49.24","AGASSIZ RCS","1100119","2019-12-23","2019","12","23","","4.7","","1.4","","3.1","","14.9","","0.0","","","","","","0.0","","","","","","",""
"-121.76","49.24","AGASSIZ RCS","1100119","2019-12-24","2019","12","24","","4.4","","-2.1","","1.2","","16.8","","0.0","","","","","","0.0","","","","","","",""
"-121.76","49.24","AGASSIZ RCS","1100119","2019-12-25","2019","12","25","","6.3","","0.7","","3.5","","14.5","","0.0","","","","","","0.0","","","","3","","40",""
"-121.76","49.24","AGASSIZ RCS","1100119","2019-12-26","2019","12","26","","3.3","","-1.7","","0.8","","17.2","","0.0","","","","","","0.2","","","","2","","44",""
"-121.76","49.24","AGASSIZ RCS","1100119","2019-12-27","2019","12","27","","3.4","","-0.2","","1.6","","16.4","","0.0","","","","","","4.2","","","","","","",""
"-121.76","49.24","AGASSIZ RCS","1100119","2019-12-28","2019","12","28","","6.4","","1.2","","3.8","","14.2","","0.0","","","","","","0.0","","","","","","",""
"-121.76","49.24","AGASSIZ RCS","1100119","2019-12-29","2019","12","29","","9.0","","2.9","","6.0","","12.0","","0.0","","","","","","0.6","","","","4","","53",""
"-121.76","49.24","AGASSIZ RCS","1100119","2019-12-30","2019","12","30","","6.8","","4.0","","5.4","","12.6","","0.0","","","","","","5.6","","","","5","","43",""
"-121.76","49.24","AGASSIZ RCS","1100119","2019-12-31","2019","12","31","","6.6","","5.5","","6.1","","11.9","","0.0","","","","","","56.0","","","","","","",""
